{
	"class_name" : "PinholeCameraParameters",
	"extrinsic" : 
	[
		-0.14410505861601433,
		0.11310078779793316,
		-0.98307779136788664,
		0.0,
		-0.34550856505941385,
		-0.93667583535511334,
		-0.057115767808772012,
		0.0,
		-0.92728504978343096,
		0.33143112596931457,
		0.17405701705720591,
		0.0,
		1464.0563273764783,
		-517.75212711195184,
		5617.5333242419438,
		1.0
	],
	"intrinsic" : 
	{
		"height" : 1080,
		"intrinsic_matrix" : 
		[
			935.30743608719376,
			0.0,
			0.0,
			0.0,
			935.30743608719376,
			0.0,
			959.5,
			539.5,
			1.0
		],
		"width" : 1920
	},
	"version_major" : 1,
	"version_minor" : 0
}