{
	"class_name" : "PinholeCameraParameters",
	"extrinsic" : 
	[
		-0.7578748637552678,
		-0.35113669942183134,
		-0.54984425904712042,
		0.0,
		0.42383735541601897,
		-0.90571980161499233,
		-0.0057911239370624229,
		0.0,
		-0.49597135707809742,
		-0.23743348391000305,
		0.83524712132186896,
		0.0,
		1651.2349497029304,
		867.46130729565311,
		4143.7702760476959,
		1.0
	],
	"intrinsic" : 
	{
		"height" : 1080,
		"intrinsic_matrix" : 
		[
			935.30743608719376,
			0.0,
			0.0,
			0.0,
			935.30743608719376,
			0.0,
			959.5,
			539.5,
			1.0
		],
		"width" : 1920
	},
	"version_major" : 1,
	"version_minor" : 0
}