{
	"class_name" : "PinholeCameraParameters",
	"extrinsic" : 
	[
		0.81151323771331363,
		0.10072368346617615,
		-0.57558752992491113,
		0.0,
		-0.12439603032697696,
		-0.93267293103649851,
		-0.33859537999015443,
		0.0,
		-0.57093948248036297,
		0.34637543691894901,
		-0.74434680360989169,
		0.0,
		-321.27858405771894,
		-521.37183825993816,
		6319.6976551352782,
		1.0
	],
	"intrinsic" : 
	{
		"height" : 1080,
		"intrinsic_matrix" : 
		[
			935.30743608719376,
			0.0,
			0.0,
			0.0,
			935.30743608719376,
			0.0,
			959.5,
			539.5,
			1.0
		],
		"width" : 1920
	},
	"version_major" : 1,
	"version_minor" : 0
}